title,description
Correção de bug no módulo X,Identificar e corrigir o bug que causa uma falha no módulo X do sistema.
Implementação da funcionalidade Y,Desenvolver a funcionalidade Y de acordo com os requisitos especificados.
Otimização de desempenho do aplicativo Z,Identificar áreas de melhoria e implementar otimizações para aumentar a velocidade e eficiência do aplicativo Z.
Testes de unidade do componente W,Escrever testes de unidade para garantir o bom funcionamento do componente W.
Revisão de código do desenvolvedor V,Analisar e fornecer feedback sobre o código escrito pelo desenvolvedor V.
Resolução de conflitos de mesclagem no repositório Git,Resolver conflitos que surgem durante a mesclagem de diferentes ramos em um repositório Git.
Documentação da funcionalidade ou processo X,Escrever documentação detalhada sobre uma funcionalidade específica ou processo interno.
Análise de código estática do projeto Y,Executar ferramentas de análise de código estática para identificar possíveis problemas ou violações de boas práticas no projeto Y.
Correção de vazamentos de memória no aplicativo Z,Identificar e corrigir vazamentos de memória que podem estar ocorrendo no aplicativo Z.
Configuração de integração contínua e implantação contínua,Configurar pipelines de CI/CD para automatizar o processo de construção.
